id,repo,sha,file,start,end,claim,url,sha256
AF-L,bablsoft/accessflow,55c209a4d9e4ba09a6c089f90e68a8b16b3f2133,LICENSE.md,1,45,License text. Read the complete file for its conditions.,https://github.com/bablsoft/accessflow/blob/55c209a4d9e4ba09a6c089f90e68a8b16b3f2133/LICENSE.md#L1-L45,c71d239df91726fc519c6eb72d318ec65820627232b2f796219e87dcf35d0ab4
BB-L,bytebase/bytebase,80524fc54601bcc5545575e02f83b23ee6bb0a70,LICENSE,1,25,License text. Read the complete file for its conditions.,https://github.com/bytebase/bytebase/blob/80524fc54601bcc5545575e02f83b23ee6bb0a70/LICENSE#L1-L25,cabda19dfa84124f47c423da96e65b4860ac28fe443663cda21a3a84a09b762e
OM-L,minuth/open-migration,5dc73cc3ee98e3951d7436bfccb12063c0d6441e,LICENSE,1,21,License text. Read the complete file for its conditions.,https://github.com/minuth/open-migration/blob/5dc73cc3ee98e3951d7436bfccb12063c0d6441e/LICENSE#L1-L21,e40f408c466e72a3b02eabe846ef35cfab210c14daff782a072dd4903d911f93
SP-L,apegeek/schema-pilot,67b2cc2864df1ce0d1f1f87dfd9d14ded792fe88,LICENSE.en,1,39,License text. Read the complete file for its conditions.,https://github.com/apegeek/schema-pilot/blob/67b2cc2864df1ce0d1f1f87dfd9d14ded792fe88/LICENSE.en#L1-L39,94f9cf782b83a699a75a71ca5ca33e5298a9f2a55e14a7d1052415489175a0fd
UI-L,binout/flyway-ui,3d5e624dddfb52333b4ffb3b8bba6df6d32bddff,LICENSE,1,45,License text. Read the complete file for its conditions.,https://github.com/binout/flyway-ui/blob/3d5e624dddfb52333b4ffb3b8bba6df6d32bddff/LICENSE#L1-L45,cfc7749b96f63bd31c3c42b5c471bf756814053e847c10f3eb003417bc523d30
PLAY-L,playframework/flyway-play,85475380527415c65e7cc3b720f6f901dfc9cdf8,LICENSE.txt,1,13,License text. Read the complete file for its conditions.,https://github.com/playframework/flyway-play/blob/85475380527415c65e7cc3b720f6f901dfc9cdf8/LICENSE.txt#L1-L13,4d9e82deb13ff7a32ecc28acfebf491e80cd46964f4b9b4728280d4d8e4e0795
LB5-L,liquibase/liquibase,3ed5c81625671e91b4423ba4503fe68ce947d1ff,LICENSE.txt,1,45,License text. Read the complete file for its conditions.,https://github.com/liquibase/liquibase/blob/3ed5c81625671e91b4423ba4503fe68ce947d1ff/LICENSE.txt#L1-L45,06a5644579563750de2a41006d75d2fe40149e22f90aea9d5fe919095f43a508
LB4-L,liquibase/liquibase,75773ed9b45b0a5adf3c42872d2e5494da669427,LICENSE.txt,1,45,License text. Read the complete file for its conditions.,https://github.com/liquibase/liquibase/blob/75773ed9b45b0a5adf3c42872d2e5494da669427/LICENSE.txt#L1-L45,f92896db6490e0e3aa53401adcb0aa36dba01839fb137fc353602a37bc89a124
FW-L,flyway/flyway,a549f5dd1ac80fbe7bc8103dfcd2d556c606c39c,LICENSE.txt,1,13,License text. Read the complete file for its conditions.,https://github.com/flyway/flyway/blob/a549f5dd1ac80fbe7bc8103dfcd2d556c606c39c/LICENSE.txt#L1-L13,6707b7b3ba3220ab64a81a5ab869ffecc3a6a023e9488ea08b897471b069c078
SQ-L,sqitchers/sqitch,b08e5c8a773ee4ab5ea4ab7cf6f7a16c55d6994e,LICENSE.md,1,21,License text. Read the complete file for its conditions.,https://github.com/sqitchers/sqitch/blob/b08e5c8a773ee4ab5ea4ab7cf6f7a16c55d6994e/LICENSE.md#L1-L21,a04edd4f562552d52dd3558804e9f13b429b8a91f9f02058718212d2d912f81d
AT-L,ariga/atlas,1317a57674f3795de395f535a258c088d7f767bf,LICENSE,1,45,License text. Read the complete file for its conditions.,https://github.com/ariga/atlas/blob/1317a57674f3795de395f535a258c088d7f767bf/LICENSE#L1-L45,58d1e17ffe5109a7ae296caafcadfdbe6a7d176f0bc4ab01e12a689b0499d8bd
YE-L,cookieY/Yearning,6e56e685beb2fff830ddd55ac406f842d575b82c,LICENSE,1,45,License text. Read the complete file for its conditions.,https://github.com/cookieY/Yearning/blob/6e56e685beb2fff830ddd55ac406f842d575b82c/LICENSE#L1-L45,a14f15b79ab1cca1fd6b96f3795f5782b6dcc313ae107b53468a28e27e0c5ff4
AR-L,hhyo/Archery,ccc7134f48d0e261f9e3ffa0d445dcec48adb790,LICENSE,1,45,License text. Read the complete file for its conditions.,https://github.com/hhyo/Archery/blob/ccc7134f48d0e261f9e3ffa0d445dcec48adb790/LICENSE#L1-L45,b40930bbcf80744c86c46a12bc9da056641d722716c378f5659b9e555ef833e1
FORK-L,Tareya/devops-archery,ce303806e370f781ebc17fd370ef343c04ded689,LICENSE,1,45,License text. Read the complete file for its conditions.,https://github.com/Tareya/devops-archery/blob/ce303806e370f781ebc17fd370ef343c04ded689/LICENSE#L1-L45,b40930bbcf80744c86c46a12bc9da056641d722716c378f5659b9e555ef833e1
DEP-L,gigi81/dbdeploy,168ff6ff1ce93712c9839ec33a6935365e99632e,LICENSE.md,1,7,License text. Read the complete file for its conditions.,https://github.com/gigi81/dbdeploy/blob/168ff6ff1ce93712c9839ec33a6935365e99632e/LICENSE.md#L1-L7,2496d8909901b8a9b1506a6e0e4790e6919038bbd041ad05a9d5fd527f2a14cf
MAINT-L,dbmaintain/dbmaintain,50c0455d1224ea6db98f0fd042b83681cbe55386,LICENSE.txt,1,45,License text. Read the complete file for its conditions.,https://github.com/dbmaintain/dbmaintain/blob/50c0455d1224ea6db98f0fd042b83681cbe55386/LICENSE.txt#L1-L45,4b63d54afaae8f96b7b3baeb94d902bb50e4f17e3d0fc6cb450bef56cb769616
PM-L,512itconsulting/dbpm,ef810bd2185110c7acb44493431f76def1de4216,LICENSE,1,45,License text. Read the complete file for its conditions.,https://github.com/512itconsulting/dbpm/blob/ef810bd2185110c7acb44493431f76def1de4216/LICENSE#L1-L45,c71d239df91726fc519c6eb72d318ec65820627232b2f796219e87dcf35d0ab4
WARD-L,dbward-dev/dbward,e73370b15b2fd81fdcd9e6f8fa97004f9fd2fc69,LICENSE-APACHE,1,45,License text. Read the complete file for its conditions.,https://github.com/dbward-dev/dbward/blob/e73370b15b2fd81fdcd9e6f8fa97004f9fd2fc69/LICENSE-APACHE#L1-L45,cfc7749b96f63bd31c3c42b5c471bf756814053e847c10f3eb003417bc523d30
CB-L,dbeaver/cloudbeaver,74123b3a36340282a6ab117dfa1733d69c32fe75,LICENSE,1,45,License text. Read the complete file for its conditions.,https://github.com/dbeaver/cloudbeaver/blob/74123b3a36340282a6ab117dfa1733d69c32fe75/LICENSE#L1-L45,c71d239df91726fc519c6eb72d318ec65820627232b2f796219e87dcf35d0ab4
BB-ENT,bytebase/bytebase,80524fc54601bcc5545575e02f83b23ee6bb0a70,LICENSE.enterprise,1,26,Enterprise code requires a valid subscription for production use.,https://github.com/bytebase/bytebase/blob/80524fc54601bcc5545575e02f83b23ee6bb0a70/LICENSE.enterprise#L1-L26,24ff745fd7be9f66ba03952a41e5714fbe1ea45224557802e4794f6e1ce06af5
BB-PLAN,bytebase/bytebase,80524fc54601bcc5545575e02f83b23ee6bb0a70,backend/enterprise/plan.yaml,1,44,The Free plan permits 10 instances and 20 seats. It lists the free features.,https://github.com/bytebase/bytebase/blob/80524fc54601bcc5545575e02f83b23ee6bb0a70/backend/enterprise/plan.yaml#L1-L44,643e788c6cac459f4c8f9e9588b37f4892ea05c4ddd1307a2fc6931a1885f5e9
BB-GATES,bytebase/bytebase,80524fc54601bcc5545575e02f83b23ee6bb0a70,backend/enterprise/plan.yaml,135,163,"Approval, audit logs, enterprise SSO, custom roles, and external secrets require Enterprise.",https://github.com/bytebase/bytebase/blob/80524fc54601bcc5545575e02f83b23ee6bb0a70/backend/enterprise/plan.yaml#L135-L163,643e788c6cac459f4c8f9e9588b37f4892ea05c4ddd1307a2fc6931a1885f5e9
BB-STATE,bytebase/bytebase,80524fc54601bcc5545575e02f83b23ee6bb0a70,backend/runner/taskrun/database_migrate_executor.go,533,600,The runner skips central revisions. It executes SQL before creating the next central revision.,https://github.com/bytebase/bytebase/blob/80524fc54601bcc5545575e02f83b23ee6bb0a70/backend/runner/taskrun/database_migrate_executor.go#L533-L600,a15c3ef10a3e9bea3ed2690670d169e7614824fc5fced86858be155aa8a8e031
BB-ORA,bytebase/bytebase,80524fc54601bcc5545575e02f83b23ee6bb0a70,backend/plugin/db/oracle/oracle.go,101,218,The Go Oracle driver splits SQL. It supports transaction and autocommit execution paths.,https://github.com/bytebase/bytebase/blob/80524fc54601bcc5545575e02f83b23ee6bb0a70/backend/plugin/db/oracle/oracle.go#L101-L218,f9be79a80101c3eebfd732b094c438a21f82686be18b69f5a0f7e7762097a22a
BB-DRIVER,bytebase/bytebase,80524fc54601bcc5545575e02f83b23ee6bb0a70,backend/plugin/db/oracle/oracle.go,12,22,Oracle execution uses the Go go-ora driver.,https://github.com/bytebase/bytebase/blob/80524fc54601bcc5545575e02f83b23ee6bb0a70/backend/plugin/db/oracle/oracle.go#L12-L22,f9be79a80101c3eebfd732b094c438a21f82686be18b69f5a0f7e7762097a22a
AF-PROM,bablsoft/accessflow,55c209a4d9e4ba09a6c089f90e68a8b16b3f2133,backend/src/main/java/com/bablsoft/accessflow/schemachange/internal/DefaultSchemaChangePromotionService.java,77,175,Promotion checks central state and a central checksum. It submits an ordered request group.,https://github.com/bablsoft/accessflow/blob/55c209a4d9e4ba09a6c089f90e68a8b16b3f2133/backend/src/main/java/com/bablsoft/accessflow/schemachange/internal/DefaultSchemaChangePromotionService.java#L77-L175,3a9adc602d1753c75780681507727d8e994bbe995eabc994c286a53c79f75832
AF-GATE,bablsoft/accessflow,55c209a4d9e4ba09a6c089f90e68a8b16b3f2133,backend/src/main/java/com/bablsoft/accessflow/schemachange/internal/SchemaChangeStatementGate.java,126,150,"The schema gate refuses transaction markers, multiple statements, and DML.",https://github.com/bablsoft/accessflow/blob/55c209a4d9e4ba09a6c089f90e68a8b16b3f2133/backend/src/main/java/com/bablsoft/accessflow/schemachange/internal/SchemaChangeStatementGate.java#L126-L150,97a9b06d97b941582420c59a755b06420706592e1f836378380e18274194dab1
AF-SCAN,bablsoft/accessflow,55c209a4d9e4ba09a6c089f90e68a8b16b3f2133,backend/src/main/java/com/bablsoft/accessflow/schemachange/internal/SchemaChangeStatementScanner.java,13,88,The scanner treats BEGIN as a transaction marker. Internal semicolons can fail the single-statement gate.,https://github.com/bablsoft/accessflow/blob/55c209a4d9e4ba09a6c089f90e68a8b16b3f2133/backend/src/main/java/com/bablsoft/accessflow/schemachange/internal/SchemaChangeStatementScanner.java#L13-L88,c876feaceb0a5cc47de3638379b2efb7bd8728eb054cde865651ab3004d6ee24
AF-GROUP,bablsoft/accessflow,55c209a4d9e4ba09a6c089f90e68a8b16b3f2133,backend/src/main/java/com/bablsoft/accessflow/requestgroups/internal/GroupExecutionService.java,152,218,The group executes target SQL before saving the member result centrally.,https://github.com/bablsoft/accessflow/blob/55c209a4d9e4ba09a6c089f90e68a8b16b3f2133/backend/src/main/java/com/bablsoft/accessflow/requestgroups/internal/GroupExecutionService.java#L152-L218,df0838f4a918e18a7dd890115a0c0b53f743b915740080d8af85948ec0f0df3c
AF-JDBC,bablsoft/accessflow,55c209a4d9e4ba09a6c089f90e68a8b16b3f2133,backend/src/main/java/com/bablsoft/accessflow/proxy/internal/DefaultQueryExecutor.java,138,163,Relational execution uses a JDBC prepared statement.,https://github.com/bablsoft/accessflow/blob/55c209a4d9e4ba09a6c089f90e68a8b16b3f2133/backend/src/main/java/com/bablsoft/accessflow/proxy/internal/DefaultQueryExecutor.java#L138-L163,2ed9ac13e4d68e3457ad4d18c5c5b65174148a99d5aa62e92624cb1393f9a7e3
AF-ORA,bablsoft/accessflow,55c209a4d9e4ba09a6c089f90e68a8b16b3f2133,backend/src/main/java/com/bablsoft/accessflow/core/internal/DefaultJdbcCoordinatesFactory.java,31,118,The built-in Oracle connector uses a Thin JDBC URL and the Oracle JDBC driver.,https://github.com/bablsoft/accessflow/blob/55c209a4d9e4ba09a6c089f90e68a8b16b3f2133/backend/src/main/java/com/bablsoft/accessflow/core/internal/DefaultJdbcCoordinatesFactory.java#L31-L118,43513739ea0da2612da8e34a28784b946a0d7d9244a74b8a424711e74c46e4f0
AF-SSO,bablsoft/accessflow,55c209a4d9e4ba09a6c089f90e68a8b16b3f2133,docs/07-security.md,48,74,The security documentation describes SAML and OAuth/OIDC authentication.,https://github.com/bablsoft/accessflow/blob/55c209a4d9e4ba09a6c089f90e68a8b16b3f2133/docs/07-security.md#L48-L74,0df6dfe3d7dd76f6c646a22b194d2bb593edc7f6383aa3a2bd738affe6c6f7b4
AF-VAULT,bablsoft/accessflow,55c209a4d9e4ba09a6c089f90e68a8b16b3f2133,docs/07-security.md,1535,1549,"The product resolves Vault, AWS, and Azure secret references.",https://github.com/bablsoft/accessflow/blob/55c209a4d9e4ba09a6c089f90e68a8b16b3f2133/docs/07-security.md#L1535-L1549,0df6dfe3d7dd76f6c646a22b194d2bb593edc7f6383aa3a2bd738affe6c6f7b4
AF-DR,bablsoft/accessflow,55c209a4d9e4ba09a6c089f90e68a8b16b3f2133,docs/09-deployment.md,1680,1707,The deployment guide covers backup and recovery.,https://github.com/bablsoft/accessflow/blob/55c209a4d9e4ba09a6c089f90e68a8b16b3f2133/docs/09-deployment.md#L1680-L1707,70af59ccbdaa121fa139d519dbbd3b9ace686c88608476aedba97fba17f3184b
AF-CI,bablsoft/accessflow,55c209a4d9e4ba09a6c089f90e68a8b16b3f2133,docs/18-deployment-governance.md,396,410,The repository provides a GitLab deployment gate template.,https://github.com/bablsoft/accessflow/blob/55c209a4d9e4ba09a6c089f90e68a8b16b3f2133/docs/18-deployment-governance.md#L396-L410,af7e6bf7090486790714908b7c6c46208272c0e6d4d7ea55642363bc49846b82
AF-DOC,bablsoft/accessflow,55c209a4d9e4ba09a6c089f90e68a8b16b3f2133,docs/20-schema-change-governance.md,85,95,"The schema workflow stores its sets, statements, and promotions in central PostgreSQL.",https://github.com/bablsoft/accessflow/blob/55c209a4d9e4ba09a6c089f90e68a8b16b3f2133/docs/20-schema-change-governance.md#L85-L95,03aab0ede2ef2b4a57046940f2d98e4f773e31fa11e9e7810147f24a14227f6a
AF-IAC,bablsoft/accessflow,55c209a4d9e4ba09a6c089f90e68a8b16b3f2133,docs/16-iac.md,1,17,"Terraform, OpenTofu, and CI templates manage governance resources through the REST API.",https://github.com/bablsoft/accessflow/blob/55c209a4d9e4ba09a6c089f90e68a8b16b3f2133/docs/16-iac.md#L1-L17,259325dfa7c6d07560b444a8e96091909751a128365c638638af1534440e6d38
AF-SIEM,bablsoft/accessflow,55c209a4d9e4ba09a6c089f90e68a8b16b3f2133,docs/09-deployment.md,1018,1036,"External audit sinks include Splunk, syslog, signed HTTPS, and S3 Object Lock.",https://github.com/bablsoft/accessflow/blob/55c209a4d9e4ba09a6c089f90e68a8b16b3f2133/docs/09-deployment.md#L1018-L1036,70af59ccbdaa121fa139d519dbbd3b9ace686c88608476aedba97fba17f3184b
AF-RECOVERY,bablsoft/accessflow,55c209a4d9e4ba09a6c089f90e68a8b16b3f2133,docs/20-schema-change-governance.md,389,406,The documentation identifies lost status projection and partial application without an in-module repair path.,https://github.com/bablsoft/accessflow/blob/55c209a4d9e4ba09a6c089f90e68a8b16b3f2133/docs/20-schema-change-governance.md#L389-L406,03aab0ede2ef2b4a57046940f2d98e4f773e31fa11e9e7810147f24a14227f6a
AF-DRIFT,bablsoft/accessflow,55c209a4d9e4ba09a6c089f90e68a8b16b3f2133,docs/20-schema-change-governance.md,478,498,Oracle is a catalog-backed drift target. Sampling targets are excluded.,https://github.com/bablsoft/accessflow/blob/55c209a4d9e4ba09a6c089f90e68a8b16b3f2133/docs/20-schema-change-governance.md#L478-L498,03aab0ede2ef2b4a57046940f2d98e4f773e31fa11e9e7810147f24a14227f6a
AF-DISASTER,bablsoft/accessflow,55c209a4d9e4ba09a6c089f90e68a8b16b3f2133,docs/09-deployment.md,1673,1695,Disaster recovery includes central database backup and preservation of audit ownership and keys.,https://github.com/bablsoft/accessflow/blob/55c209a4d9e4ba09a6c089f90e68a8b16b3f2133/docs/09-deployment.md#L1673-L1695,70af59ccbdaa121fa139d519dbbd3b9ace686c88608476aedba97fba17f3184b
AF-AUDIT,bablsoft/accessflow,55c209a4d9e4ba09a6c089f90e68a8b16b3f2133,docs/07-security.md,1825,1844,The audit log has a cryptographic chain and separate writer permissions.,https://github.com/bablsoft/accessflow/blob/55c209a4d9e4ba09a6c089f90e68a8b16b3f2133/docs/07-security.md#L1825-L1844,0df6dfe3d7dd76f6c646a22b194d2bb593edc7f6383aa3a2bd738affe6c6f7b4
AF-REST,bablsoft/accessflow,55c209a4d9e4ba09a6c089f90e68a8b16b3f2133,docs/20-schema-change-governance.md,235,244,The schema workflow exposes REST endpoints.,https://github.com/bablsoft/accessflow/blob/55c209a4d9e4ba09a6c089f90e68a8b16b3f2133/docs/20-schema-change-governance.md#L235-L244,03aab0ede2ef2b4a57046940f2d98e4f773e31fa11e9e7810147f24a14227f6a
DRM-L,dband-drm/drm-cli,d6b049d79b07a461949ec89e15dfe2c1eecf81ed,package.json,57,60,The package declares ISC. The snapshot has no standalone license file.,https://github.com/dband-drm/drm-cli/blob/d6b049d79b07a461949ec89e15dfe2c1eecf81ed/package.json#L57-L60,631688bcb36f471e6c4d746aedc979a9fad22e84e9bfc1c077853ec785f8f0c7
DRM-LOCAL,dband-drm/drm-cli,d6b049d79b07a461949ec89e15dfe2c1eecf81ed,README.md,16,44,The installation metadata backend is SQLite or JSON.,https://github.com/dband-drm/drm-cli/blob/d6b049d79b07a461949ec89e15dfe2c1eecf81ed/README.md#L16-L44,02196ce5d0861e9b3453bc3e356755bf491864483d085be9f216ff18bb1720a6
DRM-FW,dband-drm/drm-cli,d6b049d79b07a461949ec89e15dfe2c1eecf81ed,modules/flyway.py,233,279,The Flyway adapter requests dryRunOutput while generating SQL.,https://github.com/dband-drm/drm-cli/blob/d6b049d79b07a461949ec89e15dfe2c1eecf81ed/modules/flyway.py#L233-L279,1bb6a377f33a7269c1549b424f8e7ff9a766b8794e7245adce64ab8fe49a57b5
DRM-EXEC,dband-drm/drm-cli,d6b049d79b07a461949ec89e15dfe2c1eecf81ed,modules/oracle.py,35,45,The Oracle URL parser accepts narrow IPv4 and service-name patterns.,https://github.com/dband-drm/drm-cli/blob/d6b049d79b07a461949ec89e15dfe2c1eecf81ed/modules/oracle.py#L35-L45,5f6a11baf0b927b58a3d99effb485ccd1c7501be56c0bf3e3cda57986a2039e4
DRM-SQLPLUS,dband-drm/drm-cli,d6b049d79b07a461949ec89e15dfe2c1eecf81ed,modules/oracle.py,91,132,The adapter sends generated SQL to SQLPlus. It appends EXIT and checks the process exit code.,https://github.com/dband-drm/drm-cli/blob/d6b049d79b07a461949ec89e15dfe2c1eecf81ed/modules/oracle.py#L91-L132,5f6a11baf0b927b58a3d99effb485ccd1c7501be56c0bf3e3cda57986a2039e4
DRM-LB,dband-drm/drm-cli,d6b049d79b07a461949ec89e15dfe2c1eecf81ed,modules/liquibase.py,238,268,The Liquibase adapter generates updateSql before native script execution.,https://github.com/dband-drm/drm-cli/blob/d6b049d79b07a461949ec89e15dfe2c1eecf81ed/modules/liquibase.py#L238-L268,172695464a1ba0e5b4ccc2bee7d83f87666792d8e3b52ffd08836604934a332d
DRM-RETRY,dband-drm/drm-cli,d6b049d79b07a461949ec89e15dfe2c1eecf81ed,modules/deploy.py,835,843,The release layer retries a deployment. This does not prove safe statement replay.,https://github.com/dband-drm/drm-cli/blob/d6b049d79b07a461949ec89e15dfe2c1eecf81ed/modules/deploy.py#L835-L843,f8361a2a990d431df2680bfad693ceccd4386dd01b309b257551103e18a3870e
OM-ENG,minuth/open-migration,5dc73cc3ee98e3951d7436bfccb12063c0d6441e,server/services/engines/EngineFactory.ts,1,21,"The engine factory supports PostgreSQL, SQLite, MySQL, and MariaDB. It has no Oracle engine.",https://github.com/minuth/open-migration/blob/5dc73cc3ee98e3951d7436bfccb12063c0d6441e/server/services/engines/EngineFactory.ts#L1-L21,d67c0900f8e6f4a331953c1664b632ebf3b3367ced6a9a214ae8dc86d4a6c971
OM-STATE,minuth/open-migration,5dc73cc3ee98e3951d7436bfccb12063c0d6441e,server/services/engines/PostgresEngine.ts,50,96,The target tracking table stores names and dates. PostgreSQL SQL and tracking inserts share a transaction.,https://github.com/minuth/open-migration/blob/5dc73cc3ee98e3951d7436bfccb12063c0d6441e/server/services/engines/PostgresEngine.ts#L50-L96,1b9a078258b23956031f0eaac61de1ae9d232d3434eaf2e790b5db872876083e
OM-RUN,minuth/open-migration,5dc73cc3ee98e3951d7436bfccb12063c0d6441e,server/services/migration.service.ts,99,163,Applied detection uses filenames. A failure does not stop the outer migration loop.,https://github.com/minuth/open-migration/blob/5dc73cc3ee98e3951d7436bfccb12063c0d6441e/server/services/migration.service.ts#L99-L163,cf8b7e5a6e10f2aa790fc496436d2d9c1179329203039accde25b4446821f1c1
OM-META,minuth/open-migration,5dc73cc3ee98e3951d7436bfccb12063c0d6441e,server/database/schema.ts,1,42,The central server uses SQLite metadata. The schema has no user identity on migration rows.,https://github.com/minuth/open-migration/blob/5dc73cc3ee98e3951d7436bfccb12063c0d6441e/server/database/schema.ts#L1-L42,c9ddf61ccf7aeec60296800da29712f707dc4a17a818d04c4762ea64f640020d
OM-AUTH,minuth/open-migration,5dc73cc3ee98e3951d7436bfccb12063c0d6441e,server/utils/auth.ts,28,47,The application documents one administrator session.,https://github.com/minuth/open-migration/blob/5dc73cc3ee98e3951d7436bfccb12063c0d6441e/server/utils/auth.ts#L28-L47,5d819042e100cf934793defd6e447b339fc14b5d95a97ef85befce9b52ac5f91
SP-EXEC,apegeek/schema-pilot,67b2cc2864df1ce0d1f1f87dfd9d14ded792fe88,server/server.js,381,416,The executor can report successful SQL with separate history errors.,https://github.com/apegeek/schema-pilot/blob/67b2cc2864df1ce0d1f1f87dfd9d14ded792fe88/server/server.js#L381-L416,95d3ffc593936b154f2237bb273f2897b784016de41ec79d0d363251cf27ce18
SP-DRIVERS,apegeek/schema-pilot,67b2cc2864df1ce0d1f1f87dfd9d14ded792fe88,server/server.js,1,12,The server imports MySQL and PostgreSQL clients.,https://github.com/apegeek/schema-pilot/blob/67b2cc2864df1ce0d1f1f87dfd9d14ded792fe88/server/server.js#L1-L12,95d3ffc593936b154f2237bb273f2897b784016de41ec79d0d363251cf27ce18
UI-DEPS,binout/flyway-ui,3d5e624dddfb52333b4ffb3b8bba6df6d32bddff,pom.xml,27,35,The project pins Flyway 2.2.1 and Java 6.,https://github.com/binout/flyway-ui/blob/3d5e624dddfb52333b4ffb3b8bba6df6d32bddff/pom.xml#L27-L35,92ceefc5c7eb27490d4e6467c9197140092f655516778b58e4a4f0b468c6557d
UI-SERVLET,binout/flyway-ui,3d5e624dddfb52333b4ffb3b8bba6df6d32bddff,src/main/java/com/googlecode/flyway/ui/FlywayServlet.java,32,46,The servlet displays a supplied Flyway instance. It is not a database inventory service.,https://github.com/binout/flyway-ui/blob/3d5e624dddfb52333b4ffb3b8bba6df6d32bddff/src/main/java/com/googlecode/flyway/ui/FlywayServlet.java#L32-L46,6f11d28b31f284ed1fb8a77df8fb5af5d82d01cc9fac23b99dc4711bab54490d
PLAY-DEPS,playframework/flyway-play,85475380527415c65e7cc3b720f6f901dfc9cdf8,build.sbt,4,12,The module pins its default Flyway dependency.,https://github.com/playframework/flyway-play/blob/85475380527415c65e7cc3b720f6f901dfc9cdf8/build.sbt#L4-L12,1ab0d2be4a96dcac0c2dcc50e3d3cb5ebfd7ab33e96f20cbf354b39b1ed13ea9
PLAY-SCOPE,playframework/flyway-play,85475380527415c65e7cc3b720f6f901dfc9cdf8,README.md,3,15,Flyway Play embeds migrations in a Play application.,https://github.com/playframework/flyway-play/blob/85475380527415c65e7cc3b720f6f901dfc9cdf8/README.md#L3-L15,f13192e5f730eba06824574937c5db03bfbd29d2a32982ef45006c35a733900f
FW-ORA,flyway/flyway,a549f5dd1ac80fbe7bc8103dfcd2d556c606c39c,flyway-database/flyway-database-oracle/src/main/java/org/flywaydb/database/oracle/OracleDatabase.java,75,135,"Oracle history stores version, checksum, actor, time, and success. Oracle DDL transactions are unsupported.",https://github.com/flyway/flyway/blob/a549f5dd1ac80fbe7bc8103dfcd2d556c606c39c/flyway-database/flyway-database-oracle/src/main/java/org/flywaydb/database/oracle/OracleDatabase.java#L75-L135,c88a57c2cdd1783f7cc6867f27e9c86caa941918bb3a915f5e390e4375acf866
FW-PARSER,flyway/flyway,a549f5dd1ac80fbe7bc8103dfcd2d556c606c39c,flyway-database/flyway-database-oracle/src/main/java/org/flywaydb/database/oracle/OracleParser.java,145,200,The parser recognizes Oracle PL/SQL and slash delimiters.,https://github.com/flyway/flyway/blob/a549f5dd1ac80fbe7bc8103dfcd2d556c606c39c/flyway-database/flyway-database-oracle/src/main/java/org/flywaydb/database/oracle/OracleParser.java#L145-L200,46174fc2b87bcb1bffc7da9157ec53e61ffbe246179b9e0188e704838e859408
FW-EXEC,flyway/flyway,a549f5dd1ac80fbe7bc8103dfcd2d556c606c39c,flyway-core/src/main/java/org/flywaydb/core/internal/command/DbMigrate.java,437,492,The runner executes a migration before adding its successful history row.,https://github.com/flyway/flyway/blob/a549f5dd1ac80fbe7bc8103dfcd2d556c606c39c/flyway-core/src/main/java/org/flywaydb/core/internal/command/DbMigrate.java#L437-L492,69927edba2b52c2d7f9de283e13b21c203cc7d3ec6abe5c5c910263384e6ba89
FW-FAIL,flyway/flyway,a549f5dd1ac80fbe7bc8103dfcd2d556c606c39c,flyway-core/src/main/java/org/flywaydb/core/internal/command/DbMigrate.java,340,362,"For nontransactional failure, the runner records failure and requires recovery.",https://github.com/flyway/flyway/blob/a549f5dd1ac80fbe7bc8103dfcd2d556c606c39c/flyway-core/src/main/java/org/flywaydb/core/internal/command/DbMigrate.java#L340-L362,69927edba2b52c2d7f9de283e13b21c203cc7d3ec6abe5c5c910263384e6ba89
FW-CHECKSUM,flyway/flyway,a549f5dd1ac80fbe7bc8103dfcd2d556c606c39c,flyway-core/src/main/java/org/flywaydb/core/internal/info/MigrationInfoImpl.java,322,342,Migration validation compares resolved checksums with applied history.,https://github.com/flyway/flyway/blob/a549f5dd1ac80fbe7bc8103dfcd2d556c606c39c/flyway-core/src/main/java/org/flywaydb/core/internal/info/MigrationInfoImpl.java#L322-L342,e9b5c0d46ad31b950f533e742688738147c1fd6dc877c73cd0b51583d13bdf66
LB4-ORA,liquibase/liquibase,75773ed9b45b0a5adf3c42872d2e5494da669427,liquibase-standard/src/main/java/liquibase/database/core/OracleDatabase.java,328,338,Liquibase 4.33 uses the Oracle JDBC driver.,https://github.com/liquibase/liquibase/blob/75773ed9b45b0a5adf3c42872d2e5494da669427/liquibase-standard/src/main/java/liquibase/database/core/OracleDatabase.java#L328-L338,af28f5ab9f24485d0218f509d70b8ac4b14972cd58adf8f12120a99bf6bd1507
LB4-STATE,liquibase/liquibase,75773ed9b45b0a5adf3c42872d2e5494da669427,liquibase-standard/src/main/java/liquibase/sqlgenerator/core/CreateDatabaseChangeLogTableGenerator.java,45,67,"DATABASECHANGELOG stores identity, checksum, execution type, and deployment information.",https://github.com/liquibase/liquibase/blob/75773ed9b45b0a5adf3c42872d2e5494da669427/liquibase-standard/src/main/java/liquibase/sqlgenerator/core/CreateDatabaseChangeLogTableGenerator.java#L45-L67,055f621df16b29feec69865766718e973efc60a759b377d4f2ee4bc785ae0662
LB4-EXEC,liquibase/liquibase,75773ed9b45b0a5adf3c42872d2e5494da669427,liquibase-standard/src/main/java/liquibase/changelog/visitor/UpdateVisitor.java,115,143,Changeset execution occurs before the database records its execution status.,https://github.com/liquibase/liquibase/blob/75773ed9b45b0a5adf3c42872d2e5494da669427/liquibase-standard/src/main/java/liquibase/changelog/visitor/UpdateVisitor.java#L115-L143,0a7dee4ac6dea59cc98f0ddc9904dbf86e4fd9497a431431226afe316b9a9e98
LB4-SKIP,liquibase/liquibase,75773ed9b45b0a5adf3c42872d2e5494da669427,liquibase-standard/src/main/java/liquibase/changelog/filter/ShouldRunChangeSetFilter.java,15,77,The changeset filter has an already-applied decision.,https://github.com/liquibase/liquibase/blob/75773ed9b45b0a5adf3c42872d2e5494da669427/liquibase-standard/src/main/java/liquibase/changelog/filter/ShouldRunChangeSetFilter.java#L15-L77,ce3a661d48085026733561bf7a9e2d8fce1f5e24c5bccfd6acae9ac021eb79cd
LB4-CHECKSUM,liquibase/liquibase,75773ed9b45b0a5adf3c42872d2e5494da669427,liquibase-standard/src/main/java/liquibase/changelog/visitor/ValidatingVisitor.java,123,140,"Validation checks applied changeset checksums, subject to runOnChange and runAlways settings.",https://github.com/liquibase/liquibase/blob/75773ed9b45b0a5adf3c42872d2e5494da669427/liquibase-standard/src/main/java/liquibase/changelog/visitor/ValidatingVisitor.java#L123-L140,10372673ccfc9f64f5aed78337a632626d42b8525268a0a9cf977cccffb3221f
LB4-SEC,liquibase/liquibase,75773ed9b45b0a5adf3c42872d2e5494da669427,SECURITY.md,1,22,The source includes a vulnerability reporting policy.,https://github.com/liquibase/liquibase/blob/75773ed9b45b0a5adf3c42872d2e5494da669427/SECURITY.md#L1-L22,34e5a7f676d8005e3946fb5c133bae1a41885cd0b4af70d6327eba4628b23c04
SQ-STATE,sqitchers/sqitch,b08e5c8a773ee4ab5ea4ab7cf6f7a16c55d6994e,lib/App/Sqitch/Engine/oracle.sql,29,52,"The Oracle registry stores change IDs, script hashes, and deployment identities.",https://github.com/sqitchers/sqitch/blob/b08e5c8a773ee4ab5ea4ab7cf6f7a16c55d6994e/lib/App/Sqitch/Engine/oracle.sql#L29-L52,5c0374630e93b3a9220013dd4d3bb4a140b874a0d2719c4122b063f7427d1a1e
SQ-EVENTS,sqitchers/sqitch,b08e5c8a773ee4ab5ea4ab7cf6f7a16c55d6994e,lib/App/Sqitch/Engine/oracle.sql,106,141,"The target registry stores deploy, revert, fail, and merge events.",https://github.com/sqitchers/sqitch/blob/b08e5c8a773ee4ab5ea4ab7cf6f7a16c55d6994e/lib/App/Sqitch/Engine/oracle.sql#L106-L141,5c0374630e93b3a9220013dd4d3bb4a140b874a0d2719c4122b063f7427d1a1e
SQ-EXEC,sqitchers/sqitch,b08e5c8a773ee4ab5ea4ab7cf6f7a16c55d6994e,lib/App/Sqitch/Engine.pm,1041,1068,Sqitch runs a deploy script before verifying and recording the change.,https://github.com/sqitchers/sqitch/blob/b08e5c8a773ee4ab5ea4ab7cf6f7a16c55d6994e/lib/App/Sqitch/Engine.pm#L1041-L1068,a865a48fa5f45b6dda2c8d81b07273f3395fe3a44e3b9c88cf620fe2c16b457c
SQ-SQLPLUS,sqitchers/sqitch,b08e5c8a773ee4ab5ea4ab7cf6f7a16c55d6994e,lib/App/Sqitch/Engine/oracle.pm,616,640,The Oracle engine invokes SQLPlus for scripts.,https://github.com/sqitchers/sqitch/blob/b08e5c8a773ee4ab5ea4ab7cf6f7a16c55d6994e/lib/App/Sqitch/Engine/oracle.pm#L616-L640,6d4dd9d2f20fbfd15378a93914fd6ba6b5938caf5ea41f179fa67b3e522a5c1b
SQ-INTEGRITY,sqitchers/sqitch,b08e5c8a773ee4ab5ea4ab7cf6f7a16c55d6994e,lib/App/Sqitch/Engine.pm,1260,1319,The check command compares deployed script hashes with the plan and reports divergence.,https://github.com/sqitchers/sqitch/blob/b08e5c8a773ee4ab5ea4ab7cf6f7a16c55d6994e/lib/App/Sqitch/Engine.pm#L1260-L1319,a865a48fa5f45b6dda2c8d81b07273f3395fe3a44e3b9c88cf620fe2c16b457c
AT-DRIVERS,ariga/atlas,1317a57674f3795de395f535a258c088d7f767bf,cmd/atlas/main.go,12,34,"The public CLI imports MySQL, PostgreSQL, SQLite, and related drivers. Oracle is absent here.",https://github.com/ariga/atlas/blob/1317a57674f3795de395f535a258c088d7f767bf/cmd/atlas/main.go#L12-L34,b2712ed3e25b5b9f7c91040d6a11ea8098d1045e050157ee6dfafc170e341302
YE-SCOPE,cookieY/Yearning,6e56e685beb2fff830ddd55ac406f842d575b82c,README.md,6,35,"The project documents MySQL auditing, approval, history, and RBAC.",https://github.com/cookieY/Yearning/blob/6e56e685beb2fff830ddd55ac406f842d575b82c/README.md#L6-L35,be5ce15f6a0aa68a8f69e590f5ff8f0fb3e7c1c6ab068ad6917c6a76bd3876e9
YE-IDENTITY,cookieY/Yearning,6e56e685beb2fff830ddd55ac406f842d575b82c,src/router/router.go,76,86,The router exposes LDAP and OIDC login endpoints.,https://github.com/cookieY/Yearning/blob/6e56e685beb2fff830ddd55ac406f842d575b82c/src/router/router.go#L76-L86,cedbcf07839bec3b292ab582019495843cf04be17236c68b01ed5b769e927a42
AR-ORA,hhyo/Archery,ccc7134f48d0e261f9e3ffa0d445dcec48adb790,sql/engines/oracle.py,19,50,Oracle execution uses python-oracledb with SID or service-name connections.,https://github.com/hhyo/Archery/blob/ccc7134f48d0e261f9e3ffa0d445dcec48adb790/sql/engines/oracle.py#L19-L50,b16d94c9756ae35e5047e44cd93887190fe751864d529cf62b59fc9f8b2ccbb9
AR-EXEC,hhyo/Archery,ccc7134f48d0e261f9e3ffa0d445dcec48adb790,sql/engines/oracle.py,1108,1212,The workflow executes and commits each statement. It checks PL/SQL object compilation.,https://github.com/hhyo/Archery/blob/ccc7134f48d0e261f9e3ffa0d445dcec48adb790/sql/engines/oracle.py#L1108-L1212,b16d94c9756ae35e5047e44cd93887190fe751864d529cf62b59fc9f8b2ccbb9
AR-PARSER,hhyo/Archery,ccc7134f48d0e261f9e3ffa0d445dcec48adb790,sql/utils/sql_utils.py,151,217,"The parser identifies procedures, functions, packages, triggers, and anonymous PL/SQL blocks.",https://github.com/hhyo/Archery/blob/ccc7134f48d0e261f9e3ffa0d445dcec48adb790/sql/utils/sql_utils.py#L151-L217,bf947d191e9a9345575d9b884c7acc00a4b45cc135076c215f3b0f5cf531dc75
AR-STATE,hhyo/Archery,ccc7134f48d0e261f9e3ffa0d445dcec48adb790,sql/models.py,325,411,"Central workflow records contain actor, target, time, SQL, review, and result.",https://github.com/hhyo/Archery/blob/ccc7134f48d0e261f9e3ffa0d445dcec48adb790/sql/models.py#L325-L411,f28c7c86be5b1f81b931bd6268b5f53305348db86b57bd9f2d8252f80a3c8a1d
AR-SQLPLUS,hhyo/Archery,ccc7134f48d0e261f9e3ffa0d445dcec48adb790,sql/engines/oracle.py,786,805,"The SQL review rejects SET, ROLLBACK, and EXIT commands.",https://github.com/hhyo/Archery/blob/ccc7134f48d0e261f9e3ffa0d445dcec48adb790/sql/engines/oracle.py#L786-L805,b16d94c9756ae35e5047e44cd93887190fe751864d529cf62b59fc9f8b2ccbb9
AR-IDENTITY,hhyo/Archery,ccc7134f48d0e261f9e3ffa0d445dcec48adb790,archery/settings.py,316,343,The settings configure an OIDC authentication backend.,https://github.com/hhyo/Archery/blob/ccc7134f48d0e261f9e3ffa0d445dcec48adb790/archery/settings.py#L316-L343,e887858ac252ecb14c60c67b600c563a02adc4fda91bb3ebe410474c3f04f1f8
AR-LDAP,hhyo/Archery,ccc7134f48d0e261f9e3ffa0d445dcec48adb790,archery/settings.py,360,387,The settings configure LDAP authentication.,https://github.com/hhyo/Archery/blob/ccc7134f48d0e261f9e3ffa0d445dcec48adb790/archery/settings.py#L360-L387,e887858ac252ecb14c60c67b600c563a02adc4fda91bb3ebe410474c3f04f1f8
AR-API,hhyo/Archery,ccc7134f48d0e261f9e3ffa0d445dcec48adb790,sql_api/urls.py,57,110,"REST endpoints cover workflow checks, review, execution, content, and logs.",https://github.com/hhyo/Archery/blob/ccc7134f48d0e261f9e3ffa0d445dcec48adb790/sql_api/urls.py#L57-L110,576057c995c0b05808f988407571eed15678f0e2d3d3fd16b4c3912fa76a4bee
AR-DOC,hhyo/Archery,ccc7134f48d0e261f9e3ffa0d445dcec48adb790,README.md,24,48,"The feature table distinguishes Oracle review, execution, backup, and other engine capabilities.",https://github.com/hhyo/Archery/blob/ccc7134f48d0e261f9e3ffa0d445dcec48adb790/README.md#L24-L48,9dfd9cb5b199a7b989228661ec5423006c5551cf47e5ff3e03207bfb605ab7f6
FORK-EXEC,Tareya/devops-archery,ce303806e370f781ebc17fd370ef343c04ded689,sql/engines/oracle.py,1030,1077,The sampled derivative retains direct Oracle workflow execution.,https://github.com/Tareya/devops-archery/blob/ce303806e370f781ebc17fd370ef343c04ded689/sql/engines/oracle.py#L1030-L1077,8ba0b599362fe8b8e1261c8ab33019d844b4f88f46374428e0d66788d314c9af
MAINT-SCOPE,dbmaintain/dbmaintain,50c0455d1224ea6db98f0fd042b83681cbe55386,README.md,1,19,The maintainer states that DbMaintain is deprecated and no longer maintained.,https://github.com/dbmaintain/dbmaintain/blob/50c0455d1224ea6db98f0fd042b83681cbe55386/README.md#L1-L19,db8e395ce7c32e7b8f3396514155001ce232f490dd0829a9bbe41c7012e59728
DEP-ORA,gigi81/dbdeploy,168ff6ff1ce93712c9839ec33a6935365e99632e,src/Grillisoft.Tools.DatabaseDeploy.Oracle/OracleDatabase.cs,7,42,The .NET dbdeploy implementation uses Oracle Managed Data Access.,https://github.com/gigi81/dbdeploy/blob/168ff6ff1ce93712c9839ec33a6935365e99632e/src/Grillisoft.Tools.DatabaseDeploy.Oracle/OracleDatabase.cs#L7-L42,ef916fd2adc330d69480f617219ef63609c664b28a58d03e3c5cb0a616819c45
DEP-STATE,gigi81/dbdeploy,168ff6ff1ce93712c9839ec33a6935365e99632e,src/Grillisoft.Tools.DatabaseDeploy.Oracle/OracleScripts.cs,35,50,"Oracle history contains script name, deployment time, user, and hash.",https://github.com/gigi81/dbdeploy/blob/168ff6ff1ce93712c9839ec33a6935365e99632e/src/Grillisoft.Tools.DatabaseDeploy.Oracle/OracleScripts.cs#L35-L50,200b0b79181a3c103b072c963591c25b75319228710d83a9a8fd9119054feafa
WARD-SCOPE,dbward-dev/dbward,e73370b15b2fd81fdcd9e6f8fa97004f9fd2fc69,README.md,49,53,The documented execution targets are PostgreSQL and MySQL.,https://github.com/dbward-dev/dbward/blob/e73370b15b2fd81fdcd9e6f8fa97004f9fd2fc69/README.md#L49-L53,f9a187b6a904eb34a3a7197f3c19821e0b2a41c3f3e9f21fd7be71260f117d23
WARD-BOUNDARY,dbward-dev/dbward,e73370b15b2fd81fdcd9e6f8fa97004f9fd2fc69,README.md,23,27,OIDC and group authentication require commercial code.,https://github.com/dbward-dev/dbward/blob/e73370b15b2fd81fdcd9e6f8fa97004f9fd2fc69/README.md#L23-L27,f9a187b6a904eb34a3a7197f3c19821e0b2a41c3f3e9f21fd7be71260f117d23
WARD-PLAN,dbward-dev/dbward,e73370b15b2fd81fdcd9e6f8fa97004f9fd2fc69,README.md,475,494,The documented Free distribution limits database connections and users. Identity and audit export have paid boundaries.,https://github.com/dbward-dev/dbward/blob/e73370b15b2fd81fdcd9e6f8fa97004f9fd2fc69/README.md#L475-L494,f9a187b6a904eb34a3a7197f3c19821e0b2a41c3f3e9f21fd7be71260f117d23
WARD-STATE,dbward-dev/dbward,e73370b15b2fd81fdcd9e6f8fa97004f9fd2fc69,crates/dbward-driver/src/postgres.rs,360,381,The target schema_migrations table stores only migration versions.,https://github.com/dbward-dev/dbward/blob/e73370b15b2fd81fdcd9e6f8fa97004f9fd2fc69/crates/dbward-driver/src/postgres.rs#L360-L381,01c7a7eef1a26df3968060ff308e27ca60e59be292bb85d604d8d1364f732f25
WARD-RUN,dbward-dev/dbward,e73370b15b2fd81fdcd9e6f8fa97004f9fd2fc69,crates/dbward-migrate/src/runner.rs,18,77,The migration runner skips applied versions and reports partial application across multiple migrations.,https://github.com/dbward-dev/dbward/blob/e73370b15b2fd81fdcd9e6f8fa97004f9fd2fc69/crates/dbward-migrate/src/runner.rs#L18-L77,d3c8aa96fcef15868a5fe049c626b22c7fbb56d20c3f10cecbbf27aad703ba7b
WARD-REST,dbward-dev/dbward,e73370b15b2fd81fdcd9e6f8fa97004f9fd2fc69,README.md,262,294,"The server documents REST endpoints, role permissions, and audit verification.",https://github.com/dbward-dev/dbward/blob/e73370b15b2fd81fdcd9e6f8fa97004f9fd2fc69/README.md#L262-L294,f9a187b6a904eb34a3a7197f3c19821e0b2a41c3f3e9f21fd7be71260f117d23
PM-SCOPE,512itconsulting/dbpm,ef810bd2185110c7acb44493431f76def1de4216,README.md,52,57,dbpm requires SQLcl or SQLPlus and an in-database Core substrate.,https://github.com/512itconsulting/dbpm/blob/ef810bd2185110c7acb44493431f76def1de4216/README.md#L52-L57,6c4b1acd2aaf3200f78862f6862bd63ed66b2da91d89a592966a5c51b47d5e11
PM-LIMITS,512itconsulting/dbpm,ef810bd2185110c7acb44493431f76def1de4216,README.md,132,136,Checksum verification differs between lockfile and non-lockfile installs.,https://github.com/512itconsulting/dbpm/blob/ef810bd2185110c7acb44493431f76def1de4216/README.md#L132-L136,6c4b1acd2aaf3200f78862f6862bd63ed66b2da91d89a592966a5c51b47d5e11
CB-ORA,dbeaver/cloudbeaver,74123b3a36340282a6ab117dfa1733d69c32fe75,server/bundles/io.cloudbeaver.resources.drivers.base/plugin.xml,1,57,The public server bundles an Oracle Thin JDBC driver declaration.,https://github.com/dbeaver/cloudbeaver/blob/74123b3a36340282a6ab117dfa1733d69c32fe75/server/bundles/io.cloudbeaver.resources.drivers.base/plugin.xml#L1-L57,e116abc19bc63bda9d73fde80d292a443e5189462e901d7973a33fe3f3c64cac
CB-SCOPE,dbeaver/cloudbeaver,74123b3a36340282a6ab117dfa1733d69c32fe75,README.md,1,27,CloudBeaver provides a shared web database editor and deployment instructions.,https://github.com/dbeaver/cloudbeaver/blob/74123b3a36340282a6ab117dfa1733d69c32fe75/README.md#L1-L27,df00bf309ccc22526e0e2e65e6c9b65a81eade4ff2f34ae2be15f0c28b1e3c5f
